Shop Name,Software,SID,CID,WSID,WCID,MBdayMo,TBdayMo,First,Last,Address,City,St,Zip
Titan Auto Tech,TEK,3385,17104806,1046,,,8,Jack,Colb,452 ELATI ST,DENVER,CO,80204-5135
Titan Auto Tech,TEK,3385,17105727,1046,,,8,Alfredo,Ayon,1169 S EATON CIR APT 3,CASTLE ROCK,CO,80104-2381
Titan Auto Tech,TEK,3385,17105437,1046,,,8,MARK,POWIS,9315 VISTA HILL WAY,LONE TREE,CO,80124-8480
Titan Auto Tech,TEK,3385,17105539,1046,,,2,Keith,Reich,1183 FOURSOME DR,CASTLE ROCK,CO,80104-3702
Titan Auto Tech,TEK,3385,17105988,1046,,,8,Maya,Bendsten,804 SUNSET DR,CASTLE ROCK,CO,80104-1851
Titan Auto Tech,TEK,3385,31189330,1046,,,2,Ruan,Zehn,6168 PUMA SANDS,LONE TREE,CO,80124-9411
Titan Auto Tech,TEK,3385,35272188,1046,,,8,Caleb,Carrasco,2240 CASTLEGATE DR N APT 313,CASTLE ROCK,CO,80108-8329
