Shop Name,Software,SID,CID,WSID,WCID,MBdayMo,TBdayMo,First,Last,Address,City,St,Zip
Epoch Automotive,TEK,888,10217349,1053,,,2,Ernesto,Tambriz,355 NORTH ST,DOYLESTOWN,PA,18901-3864
Epoch Automotive,TEK,888,13318045,1053,,,8,Chris,Diaz,785 RIVER RD,ERWINNA,PA,18920-9254
Epoch Automotive,TEK,888,5488875,1053,,,2,John,Cryan,673 2ND STREET PIKE,SOUTHAMPTON,PA,18966-3940
Epoch Automotive,TEK,888,24722854,1053,,,8,Cole,Burton,202 JEAN LAFITTE BLVD,FERNANDINA BEACH,FL,32034-2244
Epoch Automotive,TEK,888,4643853,1053,,,2,Stephen,Miller,1153 HEWES ST,AMBLER,PA,19002-1187
Epoch Automotive,TEK,888,6878293,1053,,,2,Jess,Beertown,555 N BROAD ST,DOYLESTOWN,PA,18901-3445
Epoch Automotive,TEK,888,18332364,1053,,,8,Abraham,Nispel,314 VILLAGE WAY,CHALFONT,PA,18914-1843
Epoch Automotive,TEK,888,11560521,1053,,,2,Jacob,Gibson,2175 TURK RD,DOYLESTOWN,PA,18901-2915
Epoch Automotive,TEK,888,10799662,1053,,,2,Dylan,Garr,4070 HOLLY WAY,DOYLESTOWN,PA,18902-5447
